1,google.com
2,youtube.com
3,facebook.com
4,baidu.com
5,wikipedia.org
6,reddit.com
7,yahoo.com
8,google.co.in
9,qq.com
10,amazon.com
11,taobao.com
12,twitter.com
13,tmall.com
14,vk.com
15,instagram.com
16,google.co.jp
17,live.com
18,sohu.com
19,sina.com.cn
20,jd.com
21,weibo.com
22,360.cn
23,google.de
24,google.co.uk
25,google.com.br
26,google.fr
27,google.ru
28,list.tmall.com
29,netflix.com
30,yandex.ru
31,twitch.tv
32,google.it
33,t.co
34,linkedin.com
35,google.com.hk
36,pornhub.com
37,google.es
38,xvideos.com
39,alipay.com
40,ebay.com
41,yahoo.co.jp
42,google.ca
43,google.com.mx
44,bing.com
45,imgur.com
46,ok.ru
47,microsoft.com
48,bongacams.com
49,imdb.com
50,wikia.com
51,aliexpress.com
52,hao123.com
53,mail.ru
54,tumblr.com
55,csdn.net
56,msn.com
57,wordpress.com
58,office.com
59,google.com.tr
60,google.com.au
61,apple.com
62,livejasmin.com
63,google.com.tw
64,deloton.com
65,amazon.co.jp
66,whatsapp.com
67,popads.net
68,google.pl
69,github.com
70,blogspot.com
71,paypal.com
72,xhamster.com
73,detail.tmall.com
74,microsoftonline.com
75,google.co.id
76,stackoverflow.com
77,diply.com
78,coinmarketcap.com
79,pinterest.com
80,amazon.de
81,soso.com
82,google.com.ar
83,so.com
84,gmw.cn
85,coccoc.com
86,adobe.com
87,amazon.co.uk
88,xnxx.com
89,savefrom.net
90,amazon.in
91,nicovideo.jp
92,tianya.cn
93,google.com.ua
94,thepiratebay.org
95,google.com.pk
96,dropbox.com
100,google.nl
101,mattcrazymadeupsite.never
